<pagescount>
	<total_html_pages>50</total_html_pages>
	<html>3</html>
	<img>98</img>
	<js>9</js>
	<css>6</css>
	<pdf>0</pdf>
	<xml>0</xml>
	<txt>0</txt>
	<fonts>110</fonts>
	<is_pretty_url>false</is_pretty_url>
	<is_ebn>false</is_ebn>
	<theme_name>WDO_theme</theme_name>
	<server_url_front_page>https://www.waybackmachinedownloader.com/website-downloader-online/scraping/files/live/educationwp.thimpress.com_niraj.parmar68_gmail.com_27bt22oh3wx</server_url_front_page>
	<hosted_domain>hosted_domain</hosted_domain>
</pagescount>