<pagescount>
	<total_html_pages>19</total_html_pages>
	<html>13</html>
	<img>65</img>
	<js>8</js>
	<css>6</css>
	<pdf>0</pdf>
	<xml>0</xml>
	<txt>0</txt>
	<fonts>10</fonts>
	<is_pretty_url>false</is_pretty_url>
	<is_ebn>false</is_ebn>
	<theme_name>WDO_theme</theme_name>
	<server_url_front_page>https://www.waybackmachinedownloader.com/website-downloader-online/scraping/files/live/sbtechnosoft.com_niraj.parmar68_gmail.com_0kp6ytwgbh4</server_url_front_page>
	<hosted_domain>hosted_domain</hosted_domain>
</pagescount>